Timestamp,CO2 (ppm),Air Temperature (°C),Humidity (%),Wind Speed (m/s),VPD (kPa),PAR (µmol/m²/s),Stomatal Conductance (mmol/m²/s),Nitrogen Absorption (mg),Potassium Absorption (mg),Phosphorous Absorption (mg),Evapotranspiration (mm),Active Growth Duration (hours),Water Stress (%),Nutrient Stress (%),Temperature Stress (%),Light Stress (%)
2024-09-01 0:00:00,393.9510897,32.18565488,78,8.245190885,1.637327204,930,235,0.8650290109,0.8310113248,0.3570908461,0.3578736806,2,28,14,36,20
2024-09-01 4:00:00,427.3744338,27.14893125,47,8.353692375,1.871186664,424,179,1.462509551,0.8089806887,0.9845880925,0.9378038205,1,20,9,9,7
2024-09-01 8:00:00,421.006948,25.42715404,63,11.18583782,2.039246604,343,246,0.8346535508,1.004310048,0.9484313779,0.5387667258,4,10,13,26,9
2024-09-01 12:00:00,429.5964985,25.57775903,50,11.3232207,2.032488066,206,165,0.8394191696,0.8192132255,0.4266073541,1.110530076,1,49,1,33,5
2024-09-01 16:00:00,412.8981954,30.73218548,55,10.43051804,1.71826156,1121,178,0.9056254524,0.8439413943,0.3424080166,0.8486985053,3,14,3,6,33
2024-09-01 20:00:00,425.7119275,28.46056237,49,10.19571893,1.103986279,185,210,1.565582433,0.9551883364,0.4279641005,1.492046294,2,39,7,6,20
2024-09-02 0:00:00,428.6975625,19.96761636,73,12.65721274,0.776952284,235,231,1.32713804,0.6382342396,0.722398986,0.3674826465,3,36,10,19,23
2024-09-02 4:00:00,427.9123339,33.73094966,53,11.02266177,1.391535042,218,209,1.877116475,1.017742569,0.2457816198,0.6497851079,3,20,6,27,51
2024-09-02 8:00:00,405.9530996,23.06788122,69,12.65112076,0.7939938265,546,241,1.895603562,0.8762820708,0.2343247682,0.1814690403,3,48,6,36,53
2024-09-02 12:00:00,419.746408,27.97228345,50,9.292286116,0.7393213261,213,211,1.039434036,1.326358035,0.489135876,1.239581065,1,8,12,6,17
2024-09-02 16:00:00,408.0197689,32.14064867,63,14.96537747,0.958692914,1075,218,1.209539119,0.443384122,0.347557059,1.195361172,3,40,18,11,48
2024-09-02 20:00:00,429.6402961,23.36267966,45,6.19199815,2.117595238,537,200,0.8592878553,1.106169744,0.3150881162,0.6857888981,1,10,13,16,42
2024-09-03 0:00:00,397.0973494,31.83821943,63,5.709371746,0.5972242114,703,174,1.059241507,1.306345421,0.4193045383,0.8894659218,2,49,12,37,52
2024-09-03 4:00:00,390.6885819,23.68575452,57,11.09264467,1.255252673,1033,218,1.615054654,0.9074942777,0.6798347816,1.014512471,2,14,4,10,42
2024-09-03 8:00:00,407.4952097,32.12195237,58,3.926367714,0.7384091851,263,147,1.11127282,1.447049632,0.4274609272,1.159974806,2,21,16,21,18
2024-09-03 12:00:00,417.3075375,28.38741895,73,3.669656727,1.361130657,795,248,1.584948783,0.586178219,0.9834585975,0.1186572541,2,43,7,9,28
2024-09-03 16:00:00,406.5001379,23.54114037,71,12.15955848,0.6221006017,502,120,1.769562729,0.6671857522,0.9329614104,1.466718503,1,8,1,30,7
2024-09-03 20:00:00,420.1056246,28.3331423,73,9.907158566,1.653293387,64,192,1.095765963,0.3655080354,0.364815702,0.9847801287,3,26,11,16,27
2024-09-04 0:00:00,420.7499184,27.92239946,49,4.979264384,2.231244098,292,241,1.501546744,0.8942707569,0.6409125321,0.3299793532,3,32,18,7,51
2024-09-04 4:00:00,397.2410011,33.31453205,64,9.523004557,2.431814091,825,190,0.9671514468,1.317370077,0.9137526431,0.2128551941,4,22,8,37,55
2024-09-04 8:00:00,426.4414331,19.61796885,74,5.38918596,0.9163159419,174,143,0.8437641099,0.5767779292,0.3653834822,0.9082518166,4,30,7,37,59
2024-09-04 12:00:00,420.8768075,18.5733388,58,11.31489107,1.542738799,888,117,1.715319547,0.3457588351,0.2229155868,0.1980602395,3,9,9,18,5
2024-09-04 16:00:00,412.4346071,19.11015899,46,9.459096962,1.268833776,189,183,1.805637568,0.3653040773,0.961411047,0.6231417784,4,15,4,34,37
2024-09-04 20:00:00,428.6254461,21.54970919,49,12.02626824,2.340002353,193,169,0.6090887785,0.524939755,0.9729460869,0.5472447642,1,5,3,38,21
2024-09-05 0:00:00,414.5274877,22.56081033,67,9.37444776,0.7642651119,791,225,1.453108673,1.44079336,0.4620748773,0.3238632845,3,38,19,12,17
2024-09-05 4:00:00,414.1787101,33.54402142,67,14.0218317,0.50765344,785,111,1.369076069,1.074390561,0.5383102377,1.015711548,2,2,14,31,15
2024-09-05 8:00:00,405.788197,21.54989042,57,13.69328757,0.544163706,543,223,0.9931010286,0.9121434806,0.5445726719,0.1713814564,4,1,14,9,15
2024-09-05 12:00:00,405.4237026,19.70083833,42,8.548000989,0.6677589981,645,223,1.812198305,1.074507569,0.3148275628,0.9507844834,3,28,11,16,47
2024-09-05 16:00:00,397.2939312,30.24053111,61,5.316117874,1.630143014,950,246,1.229906148,0.498065565,0.8359332022,1.100248889,4,8,9,27,34
2024-09-05 20:00:00,429.6778816,32.79869777,65,8.643507254,1.517160644,409,223,1.556404984,0.9931128441,0.7846896177,1.411560802,1,39,2,23,42
2024-09-06 0:00:00,418.3568951,34.12631718,47,4.993768735,1.970271245,807,231,0.8248751846,1.107928845,0.5013880923,0.160443295,3,24,8,38,8
2024-09-06 4:00:00,393.4148569,23.08280367,49,3.129093117,0.5923974756,188,128,0.820222401,1.260538736,0.7303661306,0.1988517654,3,36,17,16,58
2024-09-06 8:00:00,392.0351626,20.10262858,73,7.122150204,0.6217843545,1199,232,1.194155129,1.482617809,0.8833485582,0.2030326446,4,47,17,33,32
2024-09-06 12:00:00,394.0985989,34.18438702,57,3.583441148,1.57461349,414,157,1.226995415,0.5407074459,0.9978788676,0.6380056185,2,43,11,34,17
2024-09-06 16:00:00,410.4392627,19.23362271,77,8.38802642,1.052117952,672,100,1.204342778,1.243721665,0.4460939614,1.003088527,1,42,16,29,16
2024-09-06 20:00:00,423.5306455,25.93458865,65,11.71722648,1.30177387,884,167,0.7538833666,1.311670355,0.3942825872,0.5347039283,3,7,2,17,22
2024-09-07 0:00:00,401.87426,28.05178824,43,3.721662383,0.6209627221,214,143,1.655902481,1.186101943,0.7003502903,0.7748263674,1,5,16,13,51
2024-09-07 4:00:00,427.478643,28.93389941,60,5.67496516,1.587502515,889,155,0.8275727623,1.17240109,0.7622821988,1.132567945,3,49,16,5,42
2024-09-07 8:00:00,408.9392985,20.49899766,65,3.1277931,1.372873991,132,113,1.065097637,1.259010579,0.8951151353,0.8554875216,4,15,19,8,58
2024-09-07 12:00:00,422.8835788,29.3471084,63,9.399169536,1.28072141,321,148,0.5842339547,0.6884365039,0.9546912267,0.6178322566,2,0,16,17,41
2024-09-07 16:00:00,396.5760302,33.36428953,41,12.9276395,0.7950704231,613,229,1.502311052,0.6052097367,0.4895310815,0.6759728496,4,11,1,17,42
2024-09-07 20:00:00,420.2459537,25.00632847,51,7.666100435,1.5734831,1010,227,1.425972927,0.7864706606,0.8773278834,0.8751142137,2,24,15,35,52
2024-09-08 0:00:00,390.8542092,32.56868095,48,12.96601102,1.372800944,360,193,0.8057643807,1.396564575,0.5308559577,0.4503859054,4,15,12,23,21
2024-09-08 4:00:00,413.1901129,24.23955521,41,11.4255441,1.51616399,386,110,0.8038729663,0.9360367247,0.881591197,0.9657683658,2,49,4,13,24
2024-09-08 8:00:00,401.9136381,28.94404792,74,6.297070595,0.6213061048,136,125,1.303374635,0.6801427693,0.4196629375,0.1705598707,1,22,16,23,57
2024-09-08 12:00:00,407.0113504,21.50305286,73,12.96951363,0.7064425434,743,211,0.6250422313,0.444434581,0.8146838083,1.325869082,4,7,9,34,43
2024-09-08 16:00:00,422.9689806,30.20745938,47,11.88328641,1.21740715,526,199,0.7936615365,0.8038339182,0.5786601023,1.322353308,3,19,15,5,30
2024-09-08 20:00:00,421.1150193,19.29207456,58,4.318586357,1.437314227,1172,109,1.306983986,1.083729657,0.6599195808,0.6323076999,1,6,3,39,51
2024-09-09 0:00:00,424.5988036,32.50283353,79,7.140274794,0.6887185919,910,196,0.9294003135,0.919675735,0.2159951192,0.3304722826,4,3,14,5,10
2024-09-09 4:00:00,419.7634842,24.00761199,79,6.751637437,1.353784537,151,166,1.282824835,0.6227419432,0.3837067167,0.5956922826,2,47,8,21,26
2024-09-09 8:00:00,411.5068302,26.37340618,75,5.819603826,2.422079689,158,183,1.878834385,0.3652992312,0.4231158268,0.2044583041,3,26,7,31,35
2024-09-09 12:00:00,399.8530538,19.19092818,43,5.334464623,1.517949881,64,159,1.276553293,0.8442347788,0.4656451371,0.9549708227,4,31,15,36,58
2024-09-09 16:00:00,408.9004663,34.01836376,46,11.861352,2.007470046,106,230,1.015443418,0.4161535313,0.7497779706,1.416761183,2,49,19,39,8
2024-09-09 20:00:00,393.4628108,18.31306285,70,3.333164867,1.865104636,109,240,0.8569058227,0.4715886768,0.2546405528,0.9752368017,3,48,9,17,5
2024-09-10 0:00:00,422.3108868,18.31517774,72,13.04068223,0.901638118,850,100,0.6633139245,1.100442818,0.3830170213,0.5740496622,1,42,6,27,12
2024-09-10 4:00:00,410.2043064,24.23733306,52,11.86358082,2.338121854,1006,206,1.666241304,0.3635729025,0.491262918,1.061675797,2,5,15,12,59
2024-09-10 8:00:00,413.8963451,27.75581261,46,3.824692152,0.6681195091,378,202,1.086167498,1.139791175,0.9227583976,0.1289585501,2,9,0,21,37
2024-09-10 12:00:00,409.5681391,19.16410891,58,13.91220294,0.9235729405,86,237,1.412321281,0.5939178747,0.5235970161,1.014501901,4,11,3,35,18
2024-09-10 16:00:00,423.7938024,18.06505068,79,14.93490968,2.056192273,92,172,0.7352324844,0.954843334,0.3810573473,1.434515842,4,48,6,5,33
2024-09-10 20:00:00,409.4776974,19.47929651,77,6.797333925,2.107512868,413,100,1.689815633,1.040527943,0.5758723745,0.4488594977,2,5,6,14,56
2024-09-11 0:00:00,424.8493952,22.60967676,49,14.07712698,0.7361835443,447,231,1.173472975,1.135880445,0.3300243669,0.9239640473,2,31,0,35,58
2024-09-11 4:00:00,402.5260794,33.37014597,41,8.540465541,0.8780721762,1091,222,0.5599339128,0.5575326416,0.7648269347,1.033931516,1,23,1,16,29
2024-09-11 8:00:00,420.5255234,24.26254406,45,6.162301575,0.6738475845,237,227,1.901656098,0.4969210286,0.6569165345,1.327469454,4,10,1,16,29
2024-09-11 12:00:00,395.4051526,18.76413222,70,4.529196084,1.198844547,817,100,0.5759022661,1.37727646,0.7921476493,0.4728977058,4,44,6,22,34
2024-09-11 16:00:00,401.934323,31.59783218,58,8.187046829,2.269298477,1192,140,1.739629157,0.958301441,0.7873802124,1.472946201,4,31,9,9,58
2024-09-11 20:00:00,398.7029293,29.38455503,59,4.933793289,0.7275855384,132,225,0.6493573829,1.001389439,0.3191661595,0.4629853481,3,2,15,6,58
2024-09-12 0:00:00,409.5909676,28.0681246,46,3.071276647,0.5354401832,683,226,0.9644588974,0.8101680245,0.7257948185,0.9724471128,3,28,8,26,37
2024-09-12 4:00:00,404.9479737,31.72199205,44,8.749824213,1.652491947,677,242,0.9486530518,1.433582575,0.9550890183,0.8444036417,1,48,6,17,26
2024-09-12 8:00:00,411.5258956,19.45287332,78,14.48185689,1.023953805,336,211,1.255680298,1.002455396,0.4494173989,0.9927493687,3,28,19,9,53
2024-09-12 12:00:00,409.3217434,23.01529112,62,7.247490484,1.983528907,1023,246,1.438205307,0.5089895376,0.874859579,1.132086964,1,39,17,18,57
2024-09-12 16:00:00,404.4175099,33.9140403,58,13.91017555,0.8523631976,267,230,1.430037579,0.8292284031,0.4092285064,0.5011088212,1,7,9,34,43
2024-09-12 20:00:00,404.0714773,20.40519758,70,3.274388459,0.5142571848,461,138,1.651314059,0.4775815809,0.2490371374,0.4463136744,1,37,18,25,58
2024-09-13 0:00:00,424.982998,23.95835039,76,4.50598237,2.298240765,135,138,1.248811644,1.486391057,0.9458180016,0.5086338093,3,40,9,6,14
2024-09-13 4:00:00,404.2855929,33.00330174,57,9.564543567,2.442876504,630,194,0.9554557359,1.034704371,0.5075359312,0.8099083213,3,30,5,32,24
2024-09-13 8:00:00,424.5162923,25.00712318,49,6.660999927,2.367238254,214,249,1.791953976,1.478585995,0.9932515846,0.2902408225,3,38,5,28,56
2024-09-13 12:00:00,405.1714771,24.21665321,57,6.166296328,0.505940264,1167,116,1.688726036,1.048440253,0.8208622968,0.6243278956,2,25,12,7,54
2024-09-13 16:00:00,413.1215965,28.18988199,43,13.08237883,2.185016004,239,217,0.9413659478,0.6632844841,0.3361697299,1.166714971,3,5,10,14,11
2024-09-13 20:00:00,399.2327109,18.712152,75,11.63658857,0.7269659989,599,200,1.914554605,0.3301750919,0.6549639486,0.5208957115,3,40,1,7,18
2024-09-14 0:00:00,428.5985373,30.45188916,63,8.184077738,2.291659815,280,161,1.403405102,0.7708241343,0.4766627203,0.8083679678,1,17,2,14,38
2024-09-14 4:00:00,412.7280808,22.08274544,70,12.32124159,0.9484069845,733,212,0.9723530976,0.8396808871,0.5606924192,1.479080996,4,32,15,12,52
2024-09-14 8:00:00,403.21361,30.89632174,71,14.91660862,0.9301661646,1100,199,1.205316251,1.328905636,0.2000447345,0.8322222355,4,10,3,11,14
2024-09-14 12:00:00,409.3627905,19.53214594,60,7.074562394,2.001968348,206,238,1.586917551,1.033021271,0.6327576186,0.8275704071,1,34,7,30,19
2024-09-14 16:00:00,406.7707377,33.36635723,66,9.21030755,0.85871055,510,239,0.7721598728,0.9776150555,0.573821555,0.6655167284,4,7,0,23,39
2024-09-14 20:00:00,398.8640468,23.37506572,55,5.733768523,1.585541995,1132,145,1.215177493,1.082911652,0.7971552856,1.248472489,2,30,5,37,33
2024-09-15 0:00:00,393.4924527,22.6396141,50,6.603095507,1.04984979,429,197,1.196667125,1.298699826,0.6589479844,0.79539014,4,1,4,24,18
2024-09-15 4:00:00,403.1355713,23.07430737,47,12.53843022,1.286608557,959,117,1.105408437,0.3330488487,0.4508365033,0.3718558321,3,42,8,8,58
2024-09-15 8:00:00,400.9007227,26.24247183,49,3.545870145,2.256881347,926,184,1.299543689,0.5183410389,0.7238969142,0.2191511761,1,45,16,31,16
2024-09-15 12:00:00,395.0233471,19.38059469,48,8.872367125,2.422469932,777,177,1.046706107,1.195781401,0.9478934641,0.6499688743,1,40,14,18,55
2024-09-15 16:00:00,396.965878,30.83652531,41,10.53192901,2.108837039,768,191,1.745642333,0.8580513712,0.7545258677,0.7589127323,3,11,19,34,37
2024-09-15 20:00:00,416.6418268,18.34213822,45,3.356148415,0.7100214129,410,102,0.7082247201,0.6271576265,0.9815346664,0.5596334239,4,46,9,28,39
2024-09-16 0:00:00,419.5558209,19.33209242,62,11.77954364,1.672391887,61,176,1.635946678,1.489825518,0.2950747306,0.6415236109,3,11,1,30,17
2024-09-16 4:00:00,427.6575553,21.80320934,56,5.915361645,2.039682644,954,222,1.756825118,1.358453407,0.2538405686,0.9432400183,1,28,6,19,42
2024-09-16 8:00:00,414.1144222,18.26653466,61,8.787845855,1.665930853,399,118,1.560023968,1.26648,0.8916395926,0.1106281488,4,24,1,32,45
2024-09-16 12:00:00,423.0243208,23.89202134,50,10.34993581,2.071956952,167,175,1.658772695,1.200802595,0.9566643045,0.2961465692,4,23,9,31,23
2024-09-16 16:00:00,398.8252464,33.60893218,61,13.33973536,1.010684599,559,107,1.280312071,0.9086208229,0.8383405444,1.408696426,3,44,13,20,58
2024-09-16 20:00:00,424.487849,23.83881277,57,4.808512689,2.207952104,759,102,1.585059511,1.090471737,0.3015969683,0.7265563603,2,44,5,33,42
2024-09-17 0:00:00,407.8856499,20.42776249,51,14.67335673,0.8684226253,450,126,0.732251312,0.4036301779,0.845066131,0.5541675028,3,20,12,29,51
2024-09-17 4:00:00,411.1328787,34.85393794,58,5.186131316,1.993985736,78,227,1.401890621,0.3079319223,0.7374195501,0.5081974353,3,49,15,27,17
2024-09-17 8:00:00,428.2182629,33.62124046,52,14.79221327,1.845405833,1195,162,0.5216271833,1.310911616,0.9757972924,0.8730788219,2,45,19,39,31
2024-09-17 12:00:00,423.5112966,22.46679437,75,3.776096215,2.306865748,574,151,1.09601891,1.414902237,0.303079732,0.990960823,2,33,11,6,58
2024-09-17 16:00:00,415.1560121,32.84434474,69,14.56311055,1.702647915,172,177,0.5096049133,0.6201853227,0.5597178956,0.5984360353,1,34,4,22,55
2024-09-17 20:00:00,395.4740956,32.06773275,70,8.6847073,2.063767028,1160,141,0.8283450668,1.33456541,0.8605307033,0.5799495882,4,41,7,9,19
2024-09-18 0:00:00,409.9124768,21.22816693,65,8.858903953,0.881581322,231,195,0.6727180003,1.491526997,0.3266089981,1.297211511,4,19,2,14,26
2024-09-18 4:00:00,426.1696528,21.63349459,56,4.315477934,2.311162783,439,174,1.470751734,0.9766914099,0.7565285695,0.5508285204,4,30,10,26,51
2024-09-18 8:00:00,393.2398817,33.41904603,75,14.07185718,1.953645828,671,175,0.6303248838,0.5015216617,0.9310742584,1.343426702,1,28,7,16,11
2024-09-18 12:00:00,398.3549557,28.92046263,56,6.127856493,2.418921508,505,189,1.897873619,0.918636932,0.815428426,0.5499982785,3,39,10,35,41
2024-09-18 16:00:00,390.6850397,27.73041513,63,3.552544713,1.234453302,552,201,0.9877521813,0.3422499412,0.5931308448,1.217670223,4,38,7,11,59
2024-09-18 20:00:00,424.1154568,22.66325256,71,14.54741292,1.780983669,942,180,0.8807451363,1.186658285,0.233780118,1.375170477,3,21,19,27,27
2024-09-19 0:00:00,428.8496723,21.5927207,76,14.51523229,1.542642657,692,232,1.136689812,0.7347432605,0.3462598637,1.279634632,2,11,4,11,50
2024-09-19 4:00:00,429.7104008,32.55425469,50,9.824156681,0.8600336614,989,180,1.438435092,0.6082772142,0.9560684598,0.9637770717,4,44,6,7,9
2024-09-19 8:00:00,418.1061011,31.96745933,73,13.7218359,1.70841383,951,138,1.833355615,1.040041087,0.7285238712,0.1086404379,3,30,4,12,28
2024-09-19 12:00:00,391.9861381,31.78138382,58,3.353980489,1.593111421,650,186,1.753633611,0.7081341168,0.9043142457,0.6687949732,1,3,5,22,9
2024-09-19 16:00:00,426.1867413,29.71908177,40,8.066276853,1.119263776,798,234,0.87645984,0.4860630485,0.881799018,0.4698573376,1,27,0,5,41
2024-09-19 20:00:00,413.6600728,28.6128302,49,8.826987702,1.332044222,845,177,1.231875843,1.381887555,0.3219896996,1.040232064,1,36,13,19,31
2024-09-20 0:00:00,397.3034977,25.63889337,75,4.990017309,2.343373026,753,236,0.6432707605,0.9479052239,0.2804438651,0.9955411593,1,3,11,18,40
2024-09-20 4:00:00,392.0159078,23.55576507,51,7.256586437,1.43619812,455,164,0.9953241405,1.262705245,0.9540181204,0.6011996531,3,25,0,38,39
2024-09-20 8:00:00,418.8318977,24.47797578,70,8.517884523,2.248680042,963,165,0.5396112432,0.4058760752,0.2359287384,0.9001892486,2,41,9,24,16
2024-09-20 12:00:00,414.0653529,19.06369755,71,5.450719831,1.99509128,738,112,1.430213264,0.6323112776,0.6740839445,0.9734629581,4,21,3,35,57
2024-09-20 16:00:00,418.5761448,21.40552165,45,9.848588862,1.955309964,297,190,1.554847675,0.8450331305,0.6575751918,0.5551213189,3,18,1,30,52
2024-09-20 20:00:00,414.5025277,26.80543494,44,3.114972537,2.152350788,1041,235,1.808499923,0.850430157,0.7174030449,0.3983287811,4,25,2,36,34
2024-09-21 0:00:00,423.1398078,34.05841506,65,5.09494385,0.914754576,739,134,1.753579822,1.090823589,0.6184893543,1.316771397,3,45,18,21,21
2024-09-21 4:00:00,414.6949225,28.97319683,58,4.781975668,1.335266918,303,205,1.520858803,1.388277908,0.7456296274,0.3165847027,3,45,14,10,35
2024-09-21 8:00:00,411.2421437,18.75135698,62,14.37991039,2.162250763,1166,202,1.458582154,0.8478482025,0.4180174136,1.457901764,4,19,4,32,10
2024-09-21 12:00:00,417.7813725,26.91498408,60,6.927172488,1.540139114,405,133,1.993159856,0.3912429138,0.6696152836,0.6460248966,3,15,0,31,6
2024-09-21 16:00:00,391.2684115,32.25259955,51,14.16043879,2.426544616,833,231,0.9523920585,0.4268505501,0.92090327,1.348455804,3,48,16,32,52
2024-09-21 20:00:00,395.3400743,31.28491771,42,7.811515737,1.497578896,964,139,1.987840185,0.5158983875,0.679614835,0.4568165096,1,28,0,31,6
2024-09-22 0:00:00,416.4003362,22.72822383,47,8.838546257,0.7953555153,155,145,0.9129834092,0.638348787,0.7056490732,0.8905173772,2,1,6,33,32
2024-09-22 4:00:00,395.6714102,22.89004756,51,5.443258394,1.918099541,670,238,0.9284032408,1.145474373,0.5534505319,1.14644014,4,29,7,30,55
2024-09-22 8:00:00,409.8707739,18.87471202,42,6.395012071,0.5957515622,694,137,1.054060472,1.293010174,0.610299573,0.2719079126,1,22,10,26,26
2024-09-22 12:00:00,412.0878746,28.87661989,56,4.012665898,2.186579413,609,153,1.590028185,0.7874270494,0.8442830224,1.413438766,3,20,15,30,50
2024-09-22 16:00:00,413.7021046,31.41760211,52,3.549376467,2.49685514,71,100,1.800832582,1.331398926,0.8298231618,0.6921156803,3,20,18,7,39
2024-09-22 20:00:00,398.6043709,33.77543414,60,3.075953713,1.864805569,104,199,0.5011911859,1.404323439,0.7972006403,0.1337581441,4,42,13,37,9
2024-09-23 0:00:00,428.0746022,29.52896582,76,7.141876831,0.7292582999,409,195,0.5125809221,1.213973803,0.7155152488,1.181335678,2,4,19,29,37
2024-09-23 4:00:00,414.7521083,23.34440174,49,7.458007787,1.257477695,148,184,1.573467354,1.3890632,0.3663025056,0.9871901382,2,19,1,16,20
2024-09-23 8:00:00,415.9800557,27.42294452,79,10.66570151,0.6676414413,458,200,1.326180852,0.5785026964,0.7991698559,1.077052429,2,3,15,10,10
2024-09-23 12:00:00,393.5323135,24.32904929,43,8.334188429,2.108470118,1187,175,1.16584766,0.351313231,0.8133221181,0.350807811,2,1,18,21,6
2024-09-23 16:00:00,400.5869095,21.59801728,44,12.16809794,1.381372676,411,132,1.966783789,0.5766199943,0.5617157782,0.3485639143,3,7,7,34,52
2024-09-23 20:00:00,404.7761076,20.89036724,64,13.42751116,1.068489379,1142,163,1.53231097,0.5222382009,0.8504092142,1.130011674,2,27,11,20,46
2024-09-24 0:00:00,408.8701751,33.99711883,61,6.356563048,0.5895395338,249,116,1.150837941,1.295911717,0.803454516,0.3515264031,3,38,0,17,27
2024-09-24 4:00:00,408.3951525,28.14486835,58,13.87105886,1.323204465,256,247,1.806358584,0.4114374739,0.2064450183,1.049609814,3,5,1,30,25
2024-09-24 8:00:00,402.1312698,34.03714523,71,11.5351301,0.9355497548,906,130,1.88069107,0.6558290765,0.4099520409,0.5136134906,2,48,18,38,9
2024-09-24 12:00:00,403.2921688,28.20675302,48,14.54430901,1.852021316,1054,231,1.434385408,0.8111523711,0.7463260705,0.8417692495,3,31,6,34,32
2024-09-24 16:00:00,401.0897935,20.63755668,60,8.212091109,0.8143379739,675,143,1.479722697,0.5781764621,0.5947750695,0.2415615724,3,10,4,7,44
2024-09-24 20:00:00,416.7994348,32.81976671,71,14.30340171,0.6579662596,253,161,0.8453658521,1.157819796,0.4951989624,0.7555434157,4,21,15,37,39
2024-09-25 0:00:00,395.1706642,21.43110968,43,7.784502447,0.5453937023,919,150,1.550801697,0.9274067025,0.6925828288,1.425716376,2,18,13,18,52
2024-09-25 4:00:00,428.6819245,30.46847112,68,9.668011629,1.697402422,107,134,1.663697182,1.056719732,0.4870243463,1.397552854,3,44,4,31,53
2024-09-25 8:00:00,417.3053155,24.67706894,71,5.924084893,2.116652773,543,132,1.59341533,0.6501560969,0.5218109199,0.5551709006,4,30,13,18,35
2024-09-25 12:00:00,429.5605506,24.91475612,43,6.448541529,1.177384784,924,227,0.7760104518,0.4490592083,0.6701061588,1.467935938,2,24,11,23,17
2024-09-25 16:00:00,397.4189847,18.06460728,51,13.01098482,2.359767854,919,164,0.7775558511,0.8579791016,0.2210939115,1.478237689,2,33,6,10,16
2024-09-25 20:00:00,391.5592146,21.50812903,41,11.24256076,2.127757611,962,220,1.157936314,0.4350889198,0.8703819412,0.2496159893,1,40,19,7,32
2024-09-26 0:00:00,391.91572,20.75354545,60,9.267513746,1.863556853,627,206,0.9247182246,0.3453341682,0.9648397073,0.2601148119,2,45,15,21,55
2024-09-26 4:00:00,413.0527938,22.85543318,71,6.105179714,2.48436205,1020,141,0.7026399653,0.7409053488,0.7219131097,0.1222667684,2,31,6,16,51
2024-09-26 8:00:00,412.6021311,32.68007635,55,14.81667623,2.394463659,482,101,0.9966451922,0.5249519131,0.467161097,0.7396405407,1,26,9,38,40
2024-09-26 12:00:00,428.855909,29.50326465,44,4.771968191,0.5166102634,1076,207,0.6943052549,1.128341631,0.2037345101,1.0945785,1,45,8,30,33
2024-09-26 16:00:00,407.4305155,27.05550528,76,9.02580304,1.489017753,1011,170,0.6924704456,1.460386387,0.869785304,0.149820544,3,5,3,33,21
2024-09-26 20:00:00,429.6154023,19.89444491,58,6.333354556,1.133905142,213,225,1.756924645,0.5996570711,0.8710237097,0.5353790473,1,20,18,35,20
2024-09-27 0:00:00,408.0182119,25.89375968,46,11.21735445,1.076289533,800,183,0.7021607675,1.189503853,0.7227840743,0.3259950221,4,45,12,18,26
2024-09-27 4:00:00,407.4598009,21.40330585,79,6.00919941,1.47342183,622,150,0.540992881,0.4654867344,0.2206640407,1.361647745,2,48,7,29,21
2024-09-27 8:00:00,417.8408516,24.06853686,73,6.987960236,1.989946898,745,139,1.955663564,1.400180451,0.4521703015,0.5348697067,2,33,18,38,22
2024-09-27 12:00:00,407.8040559,30.26181068,77,8.0586452,0.9540558245,842,217,1.367172824,0.6972477429,0.5733494846,0.4746665118,4,38,5,9,36
2024-09-27 16:00:00,399.8396146,29.67241815,69,8.194894279,2.431767601,393,221,1.885654881,1.345223767,0.8327391801,0.9385806227,4,37,19,24,45
2024-09-27 20:00:00,392.6540826,27.45078423,47,7.682056838,2.404189648,381,185,1.346773368,0.4837063235,0.2148540527,0.9194881736,4,28,14,24,44
2024-09-28 0:00:00,413.9685616,25.75173163,42,11.47536127,0.8701404548,628,103,1.489501344,0.821402416,0.7179539314,1.202290245,1,2,6,30,47
2024-09-28 4:00:00,424.4976402,29.29119629,45,10.9970405,2.357642312,528,195,0.5594753339,0.8224715028,0.5912154448,0.9650369102,3,13,6,16,42
2024-09-28 8:00:00,414.1071594,28.48522861,51,10.5384012,1.493967079,63,243,1.193335815,0.8484916969,0.2327257328,0.6362071815,2,46,2,6,9
2024-09-28 12:00:00,422.6127438,32.30553075,56,14.84902981,1.605485856,1144,126,1.210792657,0.5669630076,0.9523236523,0.6513060229,2,11,5,13,59
2024-09-28 16:00:00,396.0250213,20.59159377,67,14.38074121,2.321771602,855,147,1.202479922,0.5064805722,0.6459106631,0.5470900442,1,0,11,23,36
2024-09-28 20:00:00,391.8966218,25.07095228,50,12.29039119,1.59919999,930,108,0.5074145515,0.6437975834,0.9193347767,1.031906502,4,19,10,15,6
2024-09-29 0:00:00,412.19869,32.09059241,44,6.795885631,1.540698278,1147,111,1.756665719,1.015193499,0.8179030121,1.204474738,3,32,19,26,21
2024-09-29 4:00:00,415.7132335,18.10117894,60,7.309538702,0.8592689887,581,135,1.581024775,0.5077141609,0.8592050217,1.00984762,3,41,11,23,38
2024-09-29 8:00:00,420.7087706,32.6897783,65,9.77930475,1.942285368,440,204,1.575002712,1.142045571,0.6794736014,0.851040642,3,36,5,29,46
2024-09-29 12:00:00,395.6163617,33.68703371,44,4.599938106,0.540783058,793,222,0.5128420055,0.6381271206,0.7912414352,1.102606735,2,42,3,10,15
2024-09-29 16:00:00,394.4161099,20.28088166,42,5.318531995,0.6728622937,890,169,1.006722305,0.4765480663,0.2948094034,1.128479014,3,44,5,35,58
2024-09-29 20:00:00,403.8942991,23.38176439,50,3.951270755,2.438340812,322,126,0.7155485912,0.3753807708,0.8223611649,1.358312562,1,36,5,11,48
2024-09-30 0:00:00,424.0815737,27.72958828,52,12.02940984,2.259252357,597,209,1.903942391,1.006510274,0.3455688258,0.3321175995,2,1,2,15,7
2024-09-30 4:00:00,411.8446117,27.44479692,54,3.449155821,2.034412874,971,193,0.7130357769,0.5976616087,0.686717845,0.8917590977,3,26,3,29,44
2024-09-30 8:00:00,411.6676567,33.37489423,40,12.18817946,0.5320306532,179,215,1.183444609,0.9519513403,0.999430449,1.082267379,2,4,4,17,7
2024-09-30 12:00:00,419.6695694,25.54641389,74,11.40730018,1.791250311,1135,187,1.85018579,1.271040787,0.2140916241,0.6065144637,4,33,7,22,21
2024-09-30 16:00:00,404.1539185,29.8702151,63,13.37117673,1.747068578,880,208,1.247037992,0.9304444307,0.32462266,0.5050561542,3,9,1,12,43
2024-09-30 20:00:00,419.0235379,23.54903587,64,8.733583741,2.416367151,987,212,1.448884225,1.129938306,0.336958508,0.584948524,3,18,0,16,47
2024-10-01 0:00:00,427.3183986,25.40048252,64,3.664807747,1.047754299,993,126,0.9506470977,0.5762217748,0.9215970226,1.343743033,4,15,5,34,45
2024-10-01 4:00:00,406.2851067,32.16141578,57,10.92838886,2.30082991,605,124,0.7621886743,1.408868803,0.7809133312,0.9797099296,2,25,12,9,20
2024-10-01 8:00:00,418.8780316,32.85521646,67,8.839216838,0.7540665663,188,214,1.756682421,0.7164002495,0.2506999633,0.8416807805,3,10,11,14,50
2024-10-01 12:00:00,407.2686218,21.35434213,45,6.782633994,0.9154620805,793,225,1.326187975,1.403810698,0.9467425617,0.7171844063,1,37,18,13,57
2024-10-01 16:00:00,407.3957459,23.57366713,47,9.130361257,1.440051552,599,223,1.922943243,0.5541335203,0.8376386702,1.278092293,3,30,0,24,36
2024-10-01 20:00:00,397.8041448,23.84687839,51,3.372431136,0.5453061375,399,179,0.5490997565,1.472187516,0.6927828826,0.3698741656,2,45,5,37,58
2024-10-02 0:00:00,429.4005836,23.63071362,74,5.086819961,1.710778191,598,102,0.5997770107,0.6270201053,0.3810612656,0.7793260634,2,15,18,20,30
2024-10-02 4:00:00,400.6183491,30.87410881,70,7.301648885,2.220035198,738,145,1.518010977,0.3301897357,0.8683394212,1.202411066,1,6,18,12,11
2024-10-02 8:00:00,427.7501632,24.59230059,64,12.53676152,1.597520701,360,160,1.633635613,1.36280767,0.7194097814,1.034214431,1,17,15,39,52
2024-10-02 12:00:00,418.5402774,21.79662098,62,9.479415932,0.7759546781,84,148,1.039847015,0.3093259216,0.7572494213,0.5678387033,1,44,5,28,38
2024-10-02 16:00:00,392.1972258,22.16852282,59,13.08669301,1.933333071,716,103,1.083548333,0.6660617278,0.9607926614,1.323318053,2,12,14,18,15
2024-10-02 20:00:00,424.6046778,26.84031501,67,8.506552476,1.472342892,996,229,1.066828342,1.330094081,0.9141819274,1.352253758,4,11,11,18,14
2024-10-03 0:00:00,391.5421718,18.89785655,76,12.48045848,0.6972345857,1188,134,1.079135301,0.9352022147,0.3275333902,0.1862782366,2,46,8,36,45
2024-10-03 4:00:00,406.0572349,33.24976617,44,14.77955975,2.10136807,580,118,0.6376207645,1.429947227,0.5269036254,0.3704509842,4,45,13,12,9
2024-10-03 8:00:00,419.7049986,21.56042487,79,14.96690686,2.001806374,339,109,1.561679859,1.033971732,0.9118864003,0.2184189337,1,48,6,34,22
2024-10-03 12:00:00,417.694696,27.89325249,73,9.812416311,1.923679361,429,118,0.5740073145,0.7299217631,0.64665512,0.2938843592,2,32,5,23,37
2024-10-03 16:00:00,399.2767355,32.24327238,48,12.71535332,0.8304892361,814,100,1.817379893,0.4271843904,0.2508485978,0.1863457323,4,1,0,23,18
2024-10-03 20:00:00,424.0747606,33.17575531,69,9.455207709,0.9269001436,557,220,1.297149831,1.109963596,0.468220763,0.5938331,4,12,17,11,9
2024-10-04 0:00:00,419.5893585,27.31799127,68,14.81388637,1.09609188,931,243,0.9013599547,1.329858615,0.529916628,0.1593361448,3,20,1,18,18
2024-10-04 4:00:00,390.96569,34.52198983,69,10.15222337,1.237665732,443,149,1.92507046,0.8210223411,0.2760333175,1.136497454,3,24,18,31,37
2024-10-04 8:00:00,399.6019106,25.68189981,40,4.980073974,2.013091116,970,138,1.022542214,1.424758557,0.8547185928,0.6071337441,1,25,13,23,11
2024-10-04 12:00:00,425.8340103,32.39955426,73,6.752670945,0.9200306439,544,229,1.124685973,1.118601351,0.9026086488,1.141348447,4,41,12,24,22
2024-10-04 16:00:00,414.7915368,24.23225716,41,12.22551331,0.6055738042,1091,141,0.7575889287,0.3619260364,0.2115394815,1.143848308,1,2,6,10,29
2024-10-04 20:00:00,429.3479108,19.2031025,71,11.0230765,0.6547015269,98,185,1.10419594,0.8970877611,0.8684902899,0.8322481498,3,23,6,7,53
2024-10-05 0:00:00,404.8193734,28.18935427,66,13.74727418,1.838865672,573,219,1.046719792,0.8898377626,0.2340704656,0.7938785276,4,22,12,34,13
2024-10-05 4:00:00,408.5358358,31.13974841,67,13.61565899,1.83223598,1091,213,1.048268675,0.9302786828,0.5852634565,0.5388939107,4,32,14,17,28
2024-10-05 8:00:00,396.498986,19.31089434,76,6.020133016,1.613582725,951,144,0.8129975026,0.6688213813,0.5842736053,1.346135849,2,8,0,36,55
2024-10-05 12:00:00,396.6023186,20.22863434,51,8.741988065,1.045850765,944,160,0.7225125757,0.8019155477,0.7474542674,1.422171169,3,46,6,32,48
2024-10-05 16:00:00,398.8516606,21.37225179,43,4.945507077,1.808643046,756,212,1.210559477,1.167808241,0.6267784784,1.015474975,4,8,12,15,10
2024-10-05 20:00:00,407.2895982,31.43847906,66,3.158560029,1.836249645,1030,109,1.321073541,1.422349973,0.7099704782,1.121966212,1,21,13,19,47
2024-10-06 0:00:00,414.2648988,33.10779353,65,9.40057526,1.446804272,875,136,1.125516541,1.023675134,0.3396332161,1.285742697,1,10,18,22,51
2024-10-06 4:00:00,424.2226632,20.46256814,48,14.41019669,1.045351031,707,130,0.6590457241,1.209015995,0.406019826,0.5024685548,2,1,17,26,54
2024-10-06 8:00:00,424.8462453,22.9209489,67,7.593774,1.217066959,72,246,0.7484854041,0.4573079165,0.6983500614,0.5008136572,2,24,18,26,24
2024-10-06 12:00:00,416.7170729,22.30935006,68,7.372377637,1.613867038,1098,106,0.7479303801,0.5040820695,0.475799822,1.067425789,1,12,10,14,51
2024-10-06 16:00:00,408.5929302,23.92198069,54,12.0585261,2.37861011,444,212,1.826079353,0.9588420037,0.844212613,0.1928114974,2,5,1,21,45
2024-10-06 20:00:00,417.877536,28.21639608,75,14.23591248,1.099741225,55,238,1.100988862,1.103304107,0.2029651788,0.7280970942,4,9,9,7,38
2024-10-07 0:00:00,416.6795794,25.25133525,60,6.532592269,0.6565784712,117,219,1.66760197,1.455076874,0.3965962327,1.052798973,4,29,10,32,8
2024-10-07 4:00:00,407.0537517,21.75454373,64,7.248594436,0.8805994947,932,114,1.241619528,0.5268369738,0.552365234,1.21913091,3,27,16,34,47
2024-10-07 8:00:00,412.745435,29.97908888,70,14.5210887,0.8006734961,468,114,0.9255256837,1.418187448,0.7732083827,0.2447394702,3,5,8,13,20
2024-10-07 12:00:00,398.329833,31.78757041,43,9.743065083,1.593886133,196,107,1.138501707,0.9430095364,0.5098131881,0.1323250934,3,1,19,9,36
2024-10-07 16:00:00,398.9023613,18.6379881,50,11.38562123,0.8521147653,158,102,1.185170817,1.363584848,0.2671501664,1.430436702,3,3,3,13,46
2024-10-07 20:00:00,428.0306647,21.10649064,65,14.13079013,0.7294667007,168,119,0.5038411715,1.081295748,0.6569679533,1.082931313,2,17,0,38,58
2024-10-08 0:00:00,400.3922877,22.15809255,49,10.22036588,2.04934924,666,124,1.502896273,1.11386558,0.6648972224,0.2663690028,4,3,10,8,53
2024-10-08 4:00:00,419.6477158,20.12684254,50,13.48265562,2.405869807,635,180,0.6245267097,1.166333665,0.4720830512,0.9404687005,4,41,2,36,45
2024-10-08 8:00:00,427.0867159,18.85071463,64,3.73022404,1.988916768,1028,112,1.63928711,1.247692916,0.3001053381,0.5736288638,1,10,19,38,35
2024-10-08 12:00:00,422.6751025,27.03048936,71,4.472542395,2.378415208,923,249,1.191354553,0.623019014,0.2968451149,0.9141033142,4,35,14,38,12
2024-10-08 16:00:00,413.3168201,33.60847346,47,6.92442267,1.246659553,1147,234,1.270001627,1.121058781,0.3245994469,0.3966857455,1,17,15,27,56
2024-10-08 20:00:00,410.86878,22.38111923,69,5.747314114,0.6806916477,391,224,0.5514348749,0.4698423661,0.3738132707,0.1525166167,4,43,5,16,29
2024-10-09 0:00:00,404.2880975,20.87752846,62,9.996144461,1.640297835,110,233,1.523390004,1.299415304,0.9195853379,1.12364436,4,41,12,17,21
2024-10-09 4:00:00,399.6607572,34.45900113,59,8.920304487,0.7945486725,356,230,0.601223121,0.8330543809,0.9372818379,0.3668164598,2,38,6,39,31
2024-10-09 8:00:00,407.1560487,21.75209849,70,13.87709025,1.215673903,257,203,1.813614933,0.9668029893,0.6082956528,0.3187305819,1,46,16,14,53
2024-10-09 12:00:00,411.6962373,18.7376654,45,7.72554643,0.5887277034,339,109,0.6806987698,1.040852178,0.3914816853,0.4946617041,3,41,17,22,42
2024-10-09 16:00:00,427.2116135,34.06379029,51,13.35581617,1.502777529,701,237,1.106979033,0.333744441,0.3789088791,0.1520235183,3,42,18,13,51
2024-10-09 20:00:00,397.1644319,31.60332383,49,9.593886288,2.37400796,1165,181,1.658015133,0.9675170168,0.4125076039,0.4741447925,2,32,1,10,42
2024-10-10 0:00:00,397.6103193,29.80121736,47,5.209952998,1.034245991,512,236,0.9299407065,0.9526819282,0.7613618322,1.130518789,3,18,16,24,35
2024-10-10 4:00:00,399.163173,21.61433953,66,13.61308458,1.697090525,1122,112,1.133325926,0.7651082642,0.202601357,0.4557446911,3,14,13,14,29
2024-10-10 8:00:00,406.2577287,20.80871614,58,5.447951161,1.732614924,938,208,0.808365019,1.209981248,0.4701165662,1.499355398,2,23,16,38,5
2024-10-10 12:00:00,405.2657118,19.79550065,49,10.57270611,0.59061353,121,140,1.790443073,1.476376361,0.6020287159,1.49586632,4,3,11,16,21
2024-10-10 16:00:00,419.8681697,33.79168912,65,4.756376968,1.503656876,366,128,0.8662659844,0.5197514092,0.3827494319,0.7903497424,2,5,10,31,20
2024-10-10 20:00:00,410.0740904,20.92162117,73,3.500137923,0.9600437693,775,163,0.6943002774,0.5445219322,0.3034637913,1.066277632,1,28,4,32,54
2024-10-11 0:00:00,429.5301364,27.17442131,73,4.735771029,0.5255662209,51,217,1.047194016,1.060431169,0.7935670502,0.5669652155,4,3,9,27,28
2024-10-11 4:00:00,407.4666293,25.99690694,79,10.03488025,1.020540763,987,141,0.5880807838,1.068359272,0.4523113186,0.8239684716,3,19,13,15,11
2024-10-11 8:00:00,426.7025289,34.13093791,55,3.669215018,1.397684651,1037,137,1.648691008,0.9584522705,0.3986429444,0.7214691351,1,1,8,35,59
2024-10-11 12:00:00,427.7256888,33.49001192,46,9.250112947,0.9344561611,747,110,1.297964263,0.6113689345,0.8372481293,0.7784681243,3,16,18,18,10
2024-10-11 16:00:00,406.3250354,23.67941445,58,5.710822313,0.8734702463,906,213,1.433821647,1.222703059,0.4586354808,0.9368755814,3,33,16,34,54
2024-10-11 20:00:00,393.3473432,23.07414869,42,14.24103437,2.089789654,705,237,1.198571376,1.425924035,0.6624967712,0.3169625905,2,5,7,25,38
2024-10-12 0:00:00,405.0303479,20.67782304,77,8.186776862,1.355660046,129,161,1.976059606,0.4691559419,0.8122177173,0.7303874924,2,42,11,7,54
2024-10-12 4:00:00,403.9903888,22.59895838,69,6.755901068,0.9337228959,359,114,1.637649401,0.9446654241,0.5719231515,1.480190103,3,33,3,11,30
2024-10-12 8:00:00,410.4902964,19.26013633,57,11.83877701,1.98000975,1056,180,0.5047049525,0.3680866471,0.2996402794,0.7942625323,3,43,13,25,16
2024-10-12 12:00:00,420.7163038,34.18299889,52,5.318173714,1.887176401,387,240,1.159688584,0.8505388467,0.5955006253,1.287822216,4,0,1,31,44
2024-10-12 16:00:00,415.7208201,29.88609669,69,14.0243291,1.771213388,65,202,0.9266069126,0.90924811,0.3327756538,1.470708899,4,16,4,36,31
2024-10-12 20:00:00,402.7683962,26.01064084,77,3.20070149,1.422830226,360,120,1.705930796,0.8990395486,0.9581683253,1.428062227,4,8,8,13,17
2024-10-13 0:00:00,400.5179353,20.5117445,63,8.111662733,0.8764479758,628,223,0.6256602998,0.3581422104,0.58552424,0.3993276091,2,36,7,9,36
2024-10-13 4:00:00,397.0478372,21.65048698,75,9.550019826,1.471931801,841,155,0.9733163038,0.8528389721,0.4748911003,0.6213426421,1,45,19,38,43
2024-10-13 8:00:00,396.9545425,30.85096982,45,11.10394229,1.508912421,840,243,0.604556283,1.293548932,0.3036805581,0.6075523379,3,42,7,35,50
2024-10-13 12:00:00,403.5163625,18.01459226,54,14.0248004,1.852664704,869,129,0.9174687732,0.5393737695,0.5064406102,0.9058432661,3,22,11,28,48
2024-10-13 16:00:00,406.3562781,24.35128644,47,7.265533516,2.408369502,601,164,1.004588055,0.8346601545,0.3196035173,1.24480413,1,25,13,24,14
2024-10-13 20:00:00,407.3774994,22.12572634,48,5.627088663,1.054459217,492,179,0.9052225138,1.312512495,0.3203776007,1.102083895,1,45,5,15,58
2024-10-14 0:00:00,419.1475631,33.51128781,48,8.450279065,2.345383538,871,123,1.641598254,0.5071134627,0.2236883388,0.7477143697,1,40,11,32,18
2024-10-14 4:00:00,420.7549557,21.51097773,66,11.73176751,1.592652204,959,194,1.309029012,0.8875116508,0.9864169202,0.7522011772,2,42,12,35,9
2024-10-14 8:00:00,423.1063037,24.90308944,71,6.938825299,1.98105235,124,208,1.404170363,0.4219209502,0.6908256617,0.6686616861,4,38,4,33,52
2024-10-14 12:00:00,404.8321419,19.20199116,43,12.6179506,1.507500227,942,227,1.676696919,1.04650593,0.7829706245,0.1599400886,3,40,18,20,16
2024-10-14 16:00:00,391.7529206,21.64074866,49,3.372391307,1.813874144,827,167,1.201199832,1.246119193,0.2642449936,0.7039221582,1,10,5,34,49
2024-10-14 20:00:00,415.2398413,29.5782734,41,14.28001009,2.474869726,731,195,0.6450855621,1.393209779,0.295572108,1.342974012,1,39,15,33,52
2024-10-15 0:00:00,426.9675796,24.28954467,53,9.706204603,1.366220928,136,161,1.251751081,1.047768719,0.2388876608,1.078350739,1,32,16,36,52
2024-10-15 4:00:00,401.7613046,18.19064079,67,9.83028628,1.49623523,658,181,0.8090098052,1.300031951,0.9029160651,1.034494183,3,39,8,10,55
2024-10-15 8:00:00,420.4988691,31.15163013,40,4.504774215,1.8173587,383,139,1.173315676,0.5557987727,0.398900296,0.7959867233,2,30,3,19,17
2024-10-15 12:00:00,412.5297424,28.75183722,68,3.163615011,1.315262361,409,135,1.533987563,1.04505104,0.7802259768,0.1505576978,1,8,15,21,10
2024-10-15 16:00:00,400.4741153,23.96717044,41,7.258690926,1.80034475,395,195,1.704519856,0.6768723571,0.2822509769,1.293565775,3,16,16,11,47
2024-10-15 20:00:00,411.0742184,32.96830917,77,7.749886765,2.150286983,994,230,1.256581783,0.3509525001,0.6408400533,0.2192933509,2,21,17,26,30
2024-10-16 0:00:00,401.2250987,22.73705745,50,14.40924292,0.5066414928,1093,205,1.328785207,0.385068247,0.6741893605,0.3806321591,2,43,18,27,54
2024-10-16 4:00:00,391.0561261,23.05742574,56,11.19487669,1.603608966,595,247,0.5834619569,1.242406226,0.8199314842,0.224339618,4,2,17,16,30
2024-10-16 8:00:00,414.532216,29.89122698,49,13.53948036,0.9647069255,600,145,0.6531400409,1.421625867,0.640271336,0.986591394,4,19,12,37,50
2024-10-16 12:00:00,401.3634213,21.48150636,50,5.959836904,2.492697801,586,114,1.304836357,0.4798076025,0.9385329407,1.405634045,4,30,7,12,40
2024-10-16 16:00:00,415.2149868,28.29780375,69,7.789890895,2.090526992,157,138,0.9582948128,0.6615479263,0.8743100542,0.1981881983,2,4,18,20,16
2024-10-16 20:00:00,423.4044898,33.39620225,69,14.46178045,0.8948523219,918,200,0.6300535133,0.8467786959,0.6525711276,1.057069144,3,22,3,17,45
2024-10-17 0:00:00,390.7822486,25.15531442,43,11.35258077,1.033006131,520,187,0.5825416391,1.391461112,0.781450849,1.060524015,3,31,2,30,9
2024-10-17 4:00:00,409.9715873,30.01697954,41,14.25635358,2.234136915,867,221,0.7053695041,1.281080103,0.2286608167,0.2853582419,3,20,3,11,17
2024-10-17 8:00:00,420.2704055,28.13890457,41,3.103673581,0.7959371357,757,143,0.9918562748,0.7237928165,0.6119086468,1.224691281,1,15,5,38,6
2024-10-17 12:00:00,427.0028149,30.07717696,76,14.2858753,0.9562830856,1090,198,0.5834850957,0.401633734,0.3148227286,1.195214493,4,6,14,8,22
2024-10-17 16:00:00,395.4859847,34.98624144,53,11.7060135,1.085022923,679,184,1.414935138,1.106706409,0.383470761,0.1112173361,1,0,19,14,38
2024-10-17 20:00:00,401.0790474,19.20432294,78,8.475494816,0.823196035,599,215,1.477846579,1.240101854,0.3479794172,1.179750486,1,47,11,36,32
2024-10-18 0:00:00,419.1386961,34.50191782,62,9.525863622,2.13912378,1160,232,1.332652157,0.4245616999,0.7698982914,1.347397883,1,25,14,32,16
2024-10-18 4:00:00,413.0336777,25.86191317,42,3.563818667,2.166521502,51,151,1.262671827,0.7415713219,0.8475568608,1.353330259,1,25,16,12,58
2024-10-18 8:00:00,419.0747979,19.23029819,53,3.518573155,1.818466988,438,248,1.832972282,0.7171255334,0.9763691528,0.4335282084,4,9,14,21,40
2024-10-18 12:00:00,418.0729153,24.98679027,41,8.503325151,2.253604159,619,175,1.447541244,1.029944752,0.6809071828,1.208831336,4,27,9,18,35
2024-10-18 16:00:00,412.1861734,32.27994849,70,4.148668659,1.808359789,545,176,1.027317735,1.483708666,0.2204238718,0.1618395245,4,39,18,37,9
2024-10-18 20:00:00,396.8597205,18.13560677,48,7.556048771,1.708076671,497,119,0.7763810271,1.15581725,0.5147532871,1.226058548,2,40,7,23,56
2024-10-19 0:00:00,421.9439435,34.38782787,50,12.65026595,1.105736958,257,205,1.021990775,1.223796978,0.732435439,1.105056965,2,18,7,23,14
2024-10-19 4:00:00,428.7074439,28.27437209,55,5.66950659,2.214023184,162,202,1.536274963,0.8418495374,0.415266572,1.021360571,2,25,3,7,19
2024-10-19 8:00:00,423.8975291,18.58575371,73,6.759841223,2.322389593,369,103,0.6701084622,0.8687586933,0.9922837328,0.9570192894,1,10,12,11,49
2024-10-19 12:00:00,409.5640614,22.29411488,46,12.43855341,1.74795773,761,177,1.834283904,0.3254971162,0.9330433463,1.09149862,3,10,11,18,15
2024-10-19 16:00:00,407.6894394,32.11102789,41,14.0895379,2.078028595,470,141,1.723637257,1.220964768,0.8033796206,1.124456572,1,38,11,6,26
2024-10-19 20:00:00,404.3581483,31.09720709,76,8.118566012,0.5070434504,228,149,1.717725678,0.9662592249,0.4817715173,1.055506498,2,20,15,16,19
2024-10-20 0:00:00,399.7646484,20.94066419,61,14.08150029,1.44331341,83,212,1.865219933,1.068309864,0.5293299711,1.231163952,4,49,6,29,9
2024-10-20 4:00:00,414.6504865,34.05516304,55,12.14502399,0.769515635,1025,110,1.470957074,0.6443509466,0.7457594145,1.01761482,3,12,7,13,58
2024-10-20 8:00:00,403.5207598,32.10073684,76,5.042273786,0.6178826895,348,101,0.5474796563,0.7372937409,0.6371806593,1.036943908,1,41,16,20,22
2024-10-20 12:00:00,418.1043907,32.59326625,57,12.43270291,0.5931549853,144,187,0.7236686529,1.4546001,0.3434358797,1.492002954,1,16,19,32,52
2024-10-20 16:00:00,401.7551773,22.83477718,67,11.80341029,1.802552545,936,247,1.953489752,1.392634366,0.2513693188,0.1040270933,3,23,5,31,36
2024-10-20 20:00:00,428.5414128,30.40510543,53,7.755965982,1.499347455,954,244,1.04069236,0.9823866376,0.949851558,1.281004986,2,46,7,35,39
2024-10-21 0:00:00,392.3862024,22.53935281,53,6.65598391,1.629298307,186,237,1.19612507,0.3755728008,0.8846529819,1.12437915,1,34,13,27,59
2024-10-21 4:00:00,414.1409169,32.22643178,65,14.44541105,1.219869659,1178,195,1.577218681,0.750442494,0.6273204653,0.3636319298,3,20,15,30,33
2024-10-21 8:00:00,395.6875566,21.05730068,47,5.767724713,1.288253091,402,101,1.929841053,1.366007436,0.5351476019,0.9829234381,4,25,17,37,40
2024-10-21 12:00:00,396.3411657,33.87938596,70,10.01877572,1.524269334,913,228,0.5851579362,0.8006283661,0.5666829343,0.9943552359,4,35,19,29,44
2024-10-21 16:00:00,427.6759611,29.77886478,47,6.642306844,0.6153828156,1099,248,1.890926584,1.138803301,0.6501819148,0.2380937631,2,2,10,12,24
2024-10-21 20:00:00,413.8934985,22.78496394,43,3.727369674,1.442072511,810,127,1.677478534,1.015263582,0.9329779892,1.336686627,1,11,8,39,56
2024-10-22 0:00:00,392.4204076,26.47416657,43,8.638178041,1.678415351,975,123,1.992692883,0.5374031216,0.6019741097,0.5062861227,3,48,4,33,25
2024-10-22 4:00:00,391.3859895,31.87251072,64,3.480519504,1.104328072,158,146,1.698998257,0.7176979004,0.8227976766,0.6229251827,2,27,12,7,20
2024-10-22 8:00:00,409.1818639,20.38719068,67,13.51254612,0.9236897897,89,209,1.148318949,0.985651395,0.8954654833,1.1013609,3,1,17,28,56
2024-10-22 12:00:00,405.6429508,34.11416805,66,4.180941131,1.092138172,876,223,1.375804654,0.7546890727,0.2421679251,0.873101592,3,14,18,36,51
2024-10-22 16:00:00,398.3278517,33.63059974,62,9.359864872,2.090350936,630,124,1.602393472,1.380748136,0.8445200911,0.8193534496,3,36,2,6,54
2024-10-22 20:00:00,415.1226292,34.59004917,58,9.747957621,1.922970629,913,187,1.473216011,0.6949400971,0.8202729235,0.8563976075,4,16,5,23,42
2024-10-23 0:00:00,416.8632828,34.01878337,66,11.78383166,0.9058287243,1194,215,1.409421295,0.9103644049,0.8460288835,0.2782314531,3,2,13,20,15
2024-10-23 4:00:00,416.8261886,21.31840356,60,6.726895709,2.330173899,1187,193,0.6093987524,0.9590506551,0.6658530187,0.2671674886,2,25,2,11,9
2024-10-23 8:00:00,428.4824291,18.05408157,44,9.689329096,1.482917339,118,106,1.631344136,0.317747082,0.7035342908,0.9377841924,4,15,0,16,47
2024-10-23 12:00:00,394.0415689,24.22413986,55,10.14234865,1.477623568,113,153,0.5699502131,1.40579489,0.9769149322,1.113722429,1,15,0,14,9
2024-10-23 16:00:00,400.199282,29.87303994,74,5.25599765,1.63567212,1140,124,1.764434143,0.4434562828,0.7286393671,0.4513290358,4,43,2,32,32
2024-10-23 20:00:00,414.6849196,19.29757547,41,14.23287071,0.7174264936,411,104,1.130770503,0.8928085681,0.3503256987,1.365594407,1,11,7,13,5
2024-10-24 0:00:00,413.6965883,29.55633956,64,3.926802231,1.345963963,303,146,0.7576620188,1.461327958,0.5752490913,1.042945477,1,42,12,25,18
2024-10-24 4:00:00,398.1670535,32.0678495,77,10.91400083,2.307921442,1173,179,1.624144072,1.415850716,0.8485409673,1.334706851,1,9,5,33,6
2024-10-24 8:00:00,428.6596348,24.95292124,58,9.933372317,1.801491226,859,121,0.9049596775,0.4668950427,0.4126897677,0.7049585849,2,11,13,39,45
2024-10-24 12:00:00,394.2802178,25.53268362,55,12.68124904,2.026308625,895,162,1.93061393,0.9117041731,0.8843775767,1.401491837,1,44,18,11,13
2024-10-24 16:00:00,396.5779782,20.07497742,59,13.42536609,0.8636752054,560,114,1.951675079,0.5753030488,0.9585312616,0.6916677634,3,42,13,23,34
2024-10-24 20:00:00,394.2511923,20.92732474,56,4.584236949,0.9248771988,155,134,0.7266246303,0.4762612135,0.9136955042,1.013786333,2,28,19,34,5
2024-10-25 0:00:00,393.8458655,20.90788005,70,4.004743061,0.5956458804,912,129,1.847175902,0.4247570749,0.4832210726,0.2131660732,4,17,6,12,53
2024-10-25 4:00:00,406.6536776,19.93579346,60,13.7467652,1.687828732,1063,247,1.842845642,1.472284535,0.5562903106,0.152016177,1,25,5,16,26
2024-10-25 8:00:00,405.2058911,31.71010104,76,10.58804778,1.986745846,855,217,1.857420422,0.8619914644,0.2302220549,1.4570755,2,48,12,23,46
2024-10-25 12:00:00,429.6876089,22.42577079,78,8.840579969,1.431533047,310,166,0.9546141197,0.4607545437,0.7876245555,0.7739069544,3,46,17,11,39
2024-10-25 16:00:00,400.1585703,22.97034219,71,14.24499996,1.748453968,968,209,0.8736538156,1.470505207,0.2491726685,1.487306038,4,30,1,28,9
2024-10-25 20:00:00,394.9469385,33.71643617,67,4.901946604,2.417243533,137,164,1.20841939,1.274353293,0.747897943,0.4707424792,2,31,11,37,43
2024-10-26 0:00:00,392.0204525,22.33037711,67,3.307372924,2.290158935,544,142,1.992856416,0.4431288571,0.5875141384,0.8076637847,1,25,15,12,8
2024-10-26 4:00:00,398.7807989,25.60248011,69,11.18276025,1.452036665,892,105,1.848331768,1.216375789,0.7297144013,0.6330567281,2,43,5,35,22
2024-10-26 8:00:00,426.2209997,30.28521426,48,5.215113386,1.757055693,723,166,0.988099543,1.33086403,0.782486869,0.133008577,1,45,19,37,37
2024-10-26 12:00:00,394.6169376,31.3115156,70,13.37394096,2.063722548,594,139,1.97489987,0.3470826378,0.3110176223,1.085852278,3,30,10,36,35
2024-10-26 16:00:00,395.0384731,28.83964093,61,4.565459831,0.7775207907,836,183,0.8023878325,1.379449192,0.8913514929,0.5697277786,4,34,15,33,50
2024-10-26 20:00:00,395.2416187,22.89117767,77,10.62999709,0.5534424577,957,156,1.864103154,0.5351552037,0.4218583937,0.6993154529,2,25,0,37,52
2024-10-27 0:00:00,406.8121418,20.02122053,44,14.24730689,1.754191443,348,190,0.6590153207,1.3537241,0.4696288078,1.009668749,3,31,19,26,22
2024-10-27 4:00:00,401.9806744,29.75650123,67,8.763510516,1.804597275,327,192,1.960449653,0.6138824576,0.820188257,1.014446303,4,43,8,18,33
2024-10-27 8:00:00,425.8764871,24.17886668,44,10.73316518,2.087274455,275,204,1.206602782,1.045387629,0.879177652,1.10673973,3,27,19,28,28
2024-10-27 12:00:00,412.9501027,24.83224375,71,10.41515489,0.5430401778,938,230,1.866569197,1.113122288,0.9984598635,1.336702835,1,16,6,39,30
2024-10-27 16:00:00,395.6637588,19.22839854,46,9.990686279,1.600348776,822,193,1.435516684,1.362345199,0.5182083655,1.412138739,4,42,8,28,43
2024-10-27 20:00:00,428.6757538,34.4638085,43,4.532335702,1.729452794,1143,210,1.270379055,1.255975521,0.5014967039,0.1861328465,1,49,9,11,51
2024-10-28 0:00:00,418.9829254,19.97158421,61,12.48240848,0.702932445,1182,102,0.9723850171,0.877578912,0.3968310388,0.3306690997,4,32,2,6,35
2024-10-28 4:00:00,421.6943923,27.70056187,79,12.64005058,0.6118990488,224,137,1.462316848,0.7596351289,0.4060229744,1.25017799,1,11,18,5,32
2024-10-28 8:00:00,414.8651797,34.52943715,58,13.78044447,1.257926069,958,115,0.7211165152,1.181925607,0.2089259727,1.198601529,4,4,6,35,56
2024-10-28 12:00:00,402.4784078,18.81672841,50,10.20879459,1.972513052,673,134,0.9156871631,0.9203585097,0.9907719048,1.251224533,1,27,1,38,38
2024-10-28 16:00:00,416.7587212,30.71030131,47,6.686683837,0.859351538,75,205,0.9304909946,0.4580467197,0.5890903293,1.081215094,4,29,1,21,19
2024-10-28 20:00:00,420.9775271,31.52579876,77,12.35871695,1.086961873,669,144,1.728293197,0.3027755235,0.5311675272,0.7902429348,1,41,17,15,54
2024-10-29 0:00:00,417.8648533,29.27459528,70,12.5317306,0.5966965118,871,142,1.229613327,0.5698147661,0.5198897086,0.6499482579,4,21,12,23,55
2024-10-29 4:00:00,390.5143967,23.35136725,53,10.56272845,1.47800921,323,163,1.487806389,0.7981782869,0.4108096338,1.364869207,1,34,17,6,21
2024-10-29 8:00:00,395.9412803,19.57871993,53,5.215248057,0.7120563091,718,129,1.042308112,0.6394439576,0.5674233775,0.2184602687,2,25,0,28,47
2024-10-29 12:00:00,419.9039282,27.23887664,66,8.985720278,2.498286032,838,100,1.073528884,0.4002348422,0.3550699037,0.8747071244,2,21,5,29,7
2024-10-29 16:00:00,410.1688006,33.627632,73,10.68465087,0.8264681822,556,216,1.690999533,1.156613191,0.5706741908,1.181370626,1,4,6,24,33
2024-10-29 20:00:00,404.4444179,21.26551773,68,11.61514874,1.627661019,202,219,1.243128264,0.55833328,0.5174748207,1.247088993,1,46,7,12,34
2024-10-30 0:00:00,422.8508372,23.02448955,57,9.348038536,1.801728699,848,149,1.729211342,0.4759422904,0.6710682999,0.5105507736,2,12,18,34,27
2024-10-30 4:00:00,406.3918557,28.92090395,46,14.45183804,2.399113349,267,246,0.6625581744,1.423295098,0.8394104131,1.369414315,2,12,16,38,18
2024-10-30 8:00:00,423.1211724,34.28492005,44,13.99890709,1.667180192,289,142,1.616277912,1.023742481,0.4809901947,1.47719189,4,33,1,15,20
2024-10-30 12:00:00,423.3372739,23.62649573,42,9.737924443,1.81882064,806,162,1.068646331,0.4120632701,0.7680823375,1.049327131,1,38,9,14,59
2024-10-30 16:00:00,426.5346542,32.33846189,49,4.700359573,1.845946457,516,168,1.722242313,1.385074313,0.892417305,0.4596328206,2,13,11,32,31
2024-10-30 20:00:00,403.8582619,26.58652674,70,10.6528635,2.333060808,332,229,0.9186286449,0.4557696426,0.3566186488,0.1798885775,1,33,5,32,59
2024-10-31 0:00:00,406.2897925,27.88868678,45,12.46977187,0.6631927839,104,178,1.274515789,0.9223967845,0.4957463495,0.9189979014,1,27,12,19,28